{"total_training_time":1.52587890625e-05,"_timestamp":1.7327586399013708e+09,"_runtime":3.9858789999999997,"_step":0,"_wandb":{"runtime":3}}