{"_wandb":{"runtime":148},"learning_rate":3.4227024433899005e-05,"val_loss":7.134481048583984,"_timestamp":1.732758447178406e+09,"validation_images":{"_type":"image-file","sha256":"dee8a80b0c6c391d21c2804c85516c0e927e396d3d636a24b6d40498ec6b48ca","size":56161,"path":"media/images/validation_images_28_dee8a80b0c6c391d21c2.png","format":"png","width":1221,"height":810,"caption":"Original vs Label vs Predicted (2 random samples)"},"step":10,"epoch_time":20.89218783378601,"_runtime":148.326674,"estimated_time_remaining":0,"avg_train_loss":36.70332717895508,"epoch":9,"train_loss":36.70332717895508,"_step":30,"total_training_time":112.77811694145203,"total_time":109.22361397743225}