{"total_training_time":32.36899209022522,"epoch_time":6.6356799602508545,"validation_images":{"size":42675,"path":"media/images/validation_images_13_2c45ac5424859a494eea.png","format":"png","width":1221,"height":810,"caption":"Original vs Label vs Predicted (2 random samples)","_type":"image-file","sha256":"2c45ac5424859a494eea3a788d880ed27e97c537fe2d79159d5e22105cee3a13"},"_timestamp":1.73275870613393e+09,"learning_rate":0.00035203658778440265,"val_loss":5.146250534057617,"estimated_time_remaining":0,"_runtime":36.019866,"step":15,"train_loss":32.63997268676758,"avg_train_loss":32.63997268676758,"_step":15,"_wandb":{"runtime":36},"total_time":29.72752094268799,"epoch":14}