{"_runtime":3.605218,"_step":0,"_wandb":{"runtime":3},"total_training_time":2.193450927734375e-05,"_timestamp":1.732758656227725e+09}